"annotation_id","annotator","aspect","created_at","id","lead_time","platform","polarity","sentence","source_id","updated_at"
152,"1","build_quality","2025-09-01T03:13:31.633726Z",1112,103.291,"amazon","positive","This is a solid low profile mount that can be converted into a drop down with the addition of a length of threaded pipe.","B000TXNS6G","2025-09-01T03:13:31.633743Z"
153,"1","other","2025-09-01T03:13:59.663920Z",1113,19.53,"amazon","negative","What is the problem with this little MP3 player is just about everything else.","B085Y4QQNH","2025-09-01T03:13:59.663935Z"
154,"1","performance","2025-09-01T03:14:07.755921Z",1114,7.121,"amazon","neutral","Instruments sound like they should.","B000P0PF9G","2025-09-01T03:14:07.755934Z"
155,"1","general","2025-09-01T03:14:18.278413Z",1115,9.578,"amazon","positive","Easy choice for me to go for this after reading all the great reviews.","B001UB09G8","2025-09-01T03:14:18.278454Z"
156,"1","support","2025-09-01T03:14:28.797201Z",1116,9.534,"amazon","negative","On the packing slip it states to email them or call with any concerns, however, they did not include any contact information.","B003ZWXDE0","2025-09-01T03:14:28.797228Z"
157,"1","usability","2025-09-01T03:14:41.345901Z",1117,11.75,"amazon","negative","And the apps I do find often don't work well - with buggy interface with the touch screen, or half-loading screens.<br /><br />(2)  Touch screen is overall, AWFUL!","B0051VVOB2","2025-09-01T03:14:41.345938Z"
158,"1","design","2025-09-01T03:14:53.315410Z",1118,10.99,"amazon","positive","I use Apple and Matias Tactile Pro keyboards for most all my CPU's so I'm used to a good quality.","B004H0BQOI","2025-09-01T03:14:53.315427Z"
159,"1","build_quality","2025-09-01T03:15:05.319674Z",1119,10.642,"amazon","positive","Overall, I’m pleased to have found such high quality at this price-point and would recommend this set.","B079N9HDNQ","2025-09-01T03:15:05.319689Z"
160,"1","other","2025-09-01T03:15:10.394614Z",1120,4.181,"amazon","neutral","I will order another one and see if the next one does it too.","B00IO4X1IM","2025-09-01T03:15:10.394632Z"
161,"1","usability","2025-09-01T03:15:19.163006Z",1121,7.862,"amazon","neutral","It can be moved up to 18"" from the wall, angled down 15 degrees, and can be rotated until the TV hits the wall.<br /><br />There is not a size limit, even though it says 55"".","B00QOOZ4DE","2025-09-01T03:15:19.163021Z"
162,"1","general","2025-09-01T03:15:27.342655Z",1122,6.896,"amazon","positive","It's not in the way, but it's easy to access.","B07SG68M1N","2025-09-01T03:15:27.342670Z"
163,"1","battery","2025-09-01T03:15:30.870086Z",1123,2.259,"amazon","positive","Battery life is great at 8 hours.","B06WCZ5NGX","2025-09-01T03:15:30.870100Z"
164,"1","performance","2025-09-01T03:15:50.463295Z",1124,17.209,"amazon","negative","So far still sitting in delivery envelope while I figure out whether or not to return it.<br /><br />Can't rate its performance because, that's right, no way to use it.","B07H284NKP","2025-09-01T03:15:50.463307Z"
165,"1","price","2025-09-01T03:15:54.466093Z",1125,3.061,"amazon","positive","Worth the extra $$$.","B001GWCC4I","2025-09-01T03:15:54.466139Z"
166,"1","usability","2025-09-01T03:16:01.997118Z",1126,6.197,"amazon","negative","This problem doesn't happen all the time, but when it does it will be a handful of times a day for a number of days...then it'll be fine for a couple weeks, then it starts all over again.","B00DVFLJDS","2025-09-01T03:16:01.997135Z"
167,"1","usability","2025-09-01T03:16:15.749522Z",1127,12.985,"amazon","positive","bought XPS 27 with touch screen and it came with a mouse and keyboard thought I might want this and it works great but with touch and mouse not needed","B00AM0SI16","2025-09-01T03:16:15.749558Z"
168,"1","general","2025-09-01T03:16:27.130472Z",1128,10.344,"amazon","positive","I did look through with one eye and it was very clear.","B07VF5G3B3","2025-09-01T03:16:27.130505Z"
169,"1","price","2025-09-01T03:16:33.526993Z",1129,4.529,"amazon","positive","Ten piece for a great value!","B07WNW9TQZ","2025-09-01T03:16:33.527013Z"
170,"1","screen","2025-09-01T03:16:37.953864Z",1130,3.094,"amazon","positive","This screen is perfect!!!","B00CYLOTPK","2025-09-01T03:16:37.953918Z"
171,"1","other","2025-09-01T03:16:50.515827Z",1131,11.645,"amazon","neutral","Other drives like this have 119 GB of usable space.","B0BTNSKG44","2025-09-01T03:16:50.515842Z"
172,"1","usability","2025-09-01T03:16:55.808943Z",1132,4.436,"amazon","negative","So there's no real good way for me to set it up.","B004OVECU0","2025-09-01T03:16:55.808960Z"
173,"1","support","2025-09-01T03:17:05.954949Z",1133,8.805,"amazon","neutral","I called on 8/5/19 and they said the issue would have to be escalated.","B07C7W91YR","2025-09-01T03:17:05.954964Z"
174,"1","performance","2025-09-01T03:17:15.664275Z",1134,8.862,"amazon","positive","this card works great, and its a great price.  i have several other micro SD cards so the adapter is nice to have for when in need to load it to my desktop.","B001CQT0X4","2025-09-01T03:17:15.664296Z"
175,"1","usability","2025-09-01T03:17:26.485768Z",1135,9.858,"amazon","neutral","I've also installed these alarms in our home under all of our sinks and washing machine.","B002UACINU","2025-09-01T03:17:26.485783Z"
176,"1","performance","2025-09-01T03:17:35.068045Z",1136,7.706,"amazon","positive","I used it the other day and it took fabulous pictures.  love it.","B0036ORZBO","2025-09-01T03:17:35.068078Z"
177,"1","battery","2025-09-01T03:17:43.552445Z",1137,7.214,"amazon","negative","6ish months in and the card is already dead.","B00V5Q1K3O","2025-09-01T03:17:43.552486Z"
178,"1","price","2025-09-01T03:17:52.003378Z",1138,7.524,"amazon","positive","These are affordable, cute, I like the purple ones, and they do their job.","B003EM6AQE","2025-09-01T03:17:52.003394Z"
179,"1","general","2025-09-01T03:17:59.151789Z",1139,5.808,"amazon","neutral","The time ran out to return it.","B075XN1NZC","2025-09-01T03:17:59.151817Z"
180,"1","price","2025-09-01T03:18:08.424539Z",1140,8.345,"amazon","positive","These are not the best earbuds that I own, but the sound pretty quality is good, making this a really great value at $8.","B00FT3OMC0","2025-09-01T03:18:08.424552Z"
181,"1","price","2025-09-01T03:18:20.152369Z",1141,10.856,"amazon","neutral","I bought it for $19 but I wouldn't pay any more for it than that, I see it's double the price now so that's a shame because it's a great addition for your morning routine or cleaning the bathroom<br /><br />SIde note** This Speaker is meant for bathroom use.","B00KUSZ80O","2025-09-01T03:18:20.152383Z"
182,"1","support","2025-09-01T03:18:32.978646Z",1142,11.888,"amazon","negative","While there is a downloadable and on screen manual, the instructions in those manuals cover a wide range of tv models so a lot of the menu options described do not work for all TV's.","B01CF07ML2","2025-09-01T03:18:32.978661Z"
183,"1","performance","2025-09-01T03:18:41.450247Z",1143,6.618,"amazon","negative","They work ok when the phone is out of my pocket, but this limitation is comically bad.","B078P2Y7RL","2025-09-01T03:18:41.450262Z"
184,"1","performance","2025-09-01T03:18:47.755865Z",1144,5.308,"amazon","positive","When it comes to the sound, all I can say is ""wow!""  Everything is extremely clear, and I feel, balanced.","B00HVLUR86","2025-09-01T03:18:47.755882Z"
185,"1","general","2025-09-01T03:18:52.351800Z",1145,3.742,"amazon","positive","Excellent item to have!","B07XBTB8VV","2025-09-01T03:18:52.351816Z"
186,"1","design","2025-09-01T03:18:58.097010Z",1146,4.706,"amazon","positive","Works great, long lasting cord, nice bright color making easy to find, nice long cord, great price!!","B0177Q07ES","2025-09-01T03:18:58.097027Z"
187,"1","performance","2025-09-01T14:17:13.379003Z",1147,20.874,"amazon","positive","This product is excellent and does everything it claims including preventing fingerprints!!!","B004ZXZK4O","2025-09-01T14:17:13.379091Z"
188,"1","battery","2025-09-01T14:17:30.127226Z",1148,15.828,"amazon","negative","So once those die you have to be music-less.","B004YI6N00","2025-09-01T14:17:30.127257Z"
189,"1","general","2025-09-01T14:17:54.981411Z",1149,23.741,"amazon","positive","Worked great on my ps4.","B01MCRKMEH","2025-09-01T14:17:54.981428Z"
190,"1","usability","2025-09-01T14:18:15.580647Z",1150,19.285,"amazon","positive","Not sure how well they would work with bulbs, but they are great with the LED lights I use.","B07F3TNRTF","2025-09-01T14:18:15.580659Z"
191,"1","general","2025-09-01T14:19:55.650307Z",1151,99.118,"amazon","neutral","I just started using the product for about 1 day now.","B01G8JO5F2","2025-09-01T14:19:55.650319Z"
192,"1","general","2025-09-01T14:20:12.369263Z",1152,15.953,"amazon","negative","Will, it did not last long.","B09HZPYHNS","2025-09-01T14:20:12.369277Z"
193,"1","usability","2025-09-01T14:20:38.985557Z",1153,25.755,"amazon","positive","Thankfully,  it was very easy to install.","B07ZWKL6WR","2025-09-01T14:20:38.985570Z"
194,"1","general","2025-09-01T14:23:45.998153Z",1154,185.912,"amazon","positive","Other times I have only been able to use the product when the power delivery is connected.<br /><br />I believe that information to be quite relevant but that is not the reason I'm talking one star off.","B076KPQ4K5","2025-09-01T14:23:45.998166Z"
195,"1","general","2025-09-01T14:23:52.447992Z",1155,5.679,"amazon","negative","I wasn't sure why until I packed them into a bag for a trip and realized that they would be a lot less likely to get broken with the cups folded down like that.","B07PQBQ6GC","2025-09-01T14:23:52.448068Z"
196,"1","performance","2025-09-01T14:23:57.982833Z",1156,4.706,"amazon","positive","The sound quality is great and they don't fall out.","B07WZJJG43","2025-09-01T14:23:57.982848Z"
197,"1","performance","2025-09-01T14:25:14.195052Z",1157,75.082,"amazon","positive","I love my Dot with Alexa.","B00TSUGXKE","2025-09-01T14:25:14.195065Z"
198,"1","usability","2025-09-01T14:26:46.884762Z",1158,91.766,"amazon","negative","These ones hit the mark on staying put in my ears but clearly missed the mark when it comes to audio output.","B088MNF7NK","2025-09-01T14:26:46.884775Z"
199,"1","usability","2025-09-01T14:28:30.546535Z",1159,102.706,"amazon","positive","RAM makes excellent products that hold your gadgets in place and this is an important part for doing just that.","B002KO5XVU","2025-09-01T14:28:30.546641Z"
200,"1","performance","2025-09-01T14:28:38.762311Z",1160,7.29,"amazon","positive","This drive is perfect for a person with a laptop that needs (as in my case) lots of space for their music and photo files.","B0031ESJ28","2025-09-01T14:28:38.762347Z"
201,"1","general","2025-09-01T14:28:44.527960Z",1161,4.482,"amazon","neutral","The SX280 shouldn't have a problem with that (manual zoom).","B00BW6LTG0","2025-09-01T14:28:44.527992Z"
202,"1","usability","2025-09-01T14:28:52.025142Z",1162,6.625,"amazon","positive","Love this print and the iPad Pro cover:)","B014I9TF0Y","2025-09-01T14:28:52.025156Z"
203,"1","usability","2025-09-01T14:29:34.912388Z",1163,41.999,"amazon","neutral","Once paired the light will turn blue and on my phone Bluetooth preferences it shows up as C300-XT.","B07ML6NXPS","2025-09-01T14:29:34.912400Z"
204,"1","usability","2025-09-01T14:29:40.447359Z",1164,4.264,"amazon","positive","This cord works great and it’s long!!!!!","B07DC4PZC4","2025-09-01T14:29:40.447422Z"
205,"1","performance","2025-09-01T14:29:59.165812Z",1165,17.855,"amazon","negative","So no remote (this or our cablebox remote or any other) works.","B009EPP4CG","2025-09-01T14:29:59.165824Z"
206,"1","usability","2025-09-01T14:30:16.617697Z",1166,16.57,"amazon","neutral","I point this out so as to help you consider the validity of my review of the iShuffle by itself.","B0002ZAIM8","2025-09-01T14:30:16.617730Z"
207,"1","performance","2025-09-01T14:30:24.421199Z",1167,6.479,"amazon","positive","I wanted removable speakers, good sound at all volumes and a sleek look.","B00021MX1Q","2025-09-01T14:30:24.421218Z"
208,"1","general","2025-09-01T14:31:38.108740Z",1168,63.578,"amazon","neutral","Can't knock the product though, it appears to work quite well for any other purpose.","B005UUY24A","2025-09-01T14:31:38.108755Z"
209,"1","general","2025-09-01T14:33:10.258803Z",1169,91.222,"amazon","neutral","For my home office & home streaming/voip/web needs the Actiontec is a tad unsatisfactory but just as good as this one, at less than half the price.","B078PGCGN2","2025-09-01T14:33:10.258821Z"
210,"1","design","2025-09-01T14:33:32.035372Z",1170,20.416,"amazon","negative","I personally would not give up my mid-range projector for this one.<br />One thing that I found particularly annoying is that rather than the optical zoom and focus dials found on usual projectors, there is only a focus and tilt dial.","B07Z82LM7K","2025-09-01T14:33:32.035386Z"
211,"1","battery","2025-09-01T14:33:40.381451Z",1171,7.52,"amazon","positive","Rechargeable battery inside - no more throwing away batteries (love, it's green) The sound is extremely clear, words and notes distinct.<br /><br />Cons: The sound is just a bit on the tinny side.","B00N32I2Q6","2025-09-01T14:33:40.381469Z"
212,"1","general","2025-09-01T14:33:45.495787Z",1172,4.288,"amazon","neutral","Also, I'm able to keep my night lights plugged in","B0798M639B","2025-09-01T14:33:45.495802Z"
213,"1","general","2025-09-01T14:34:50.271619Z",1173,63.448,"amazon","neutral","Thats what this feels like","B000VINRCY","2025-09-01T14:34:50.271635Z"
214,"1","general","2025-09-01T14:35:17.509339Z",1174,25.813,"amazon","negative","Worst mistake I ever made!","B018Y22C2Y","2025-09-01T14:35:17.509353Z"
215,"1","performance","2025-09-01T14:38:37.274030Z",1175,198.804,"amazon","positive","Love my tap now my grandkids can play their music anywhere in the house I don't have to have a radio because this works better much better.","B01BH83OOM","2025-09-01T14:38:37.274044Z"
216,"1","performance","2025-09-01T14:38:44.063831Z",1176,5.933,"amazon","neutral","I average about 10 hours a week.","B07D3NS9TQ","2025-09-01T14:38:44.063848Z"
217,"1","performance","2025-09-01T14:38:48.167014Z",1177,3.288,"amazon","positive","As good as any 16-gauge speaker wire I've ever used.","B006LW0WDQ","2025-09-01T14:38:48.167033Z"
218,"1","performance","2025-09-01T14:39:21.601185Z",1178,32.574,"amazon","positive","We love this speaker!","B016XTADG2","2025-09-01T14:39:21.601199Z"
219,"1","usability","2025-09-01T14:40:57.614526Z",1179,90.053,"amazon","positive","Many other brands don't have any app support for earbuds in this price range, but I love being able to customize the equalization to improve clarity for different types of music.","B09LH7B49B","2025-09-01T14:40:57.614541Z"
220,"1","general","2025-09-01T14:41:14.446813Z",1180,15.961,"amazon","positive","I would and will recommend this router to anyone.","B078KNZBHM","2025-09-01T14:41:14.446827Z"
221,"1","performance","2025-09-01T14:41:18.552446Z",1181,2.18,"amazon","positive","Also sound great too.","B00HH2GINM","2025-09-01T14:41:18.552483Z"
222,"1","general","2025-09-01T14:41:26.984477Z",1182,7.089,"amazon","positive","Works perfect for me, installation took about an hour I did with my sister and watching YouTube.","B08HK6Y85Z","2025-09-01T14:41:26.984513Z"
223,"1","general","2025-09-01T14:41:31.327160Z",1183,3.47,"amazon","positive","I absolutely LOVE this mouse.","B071YZJ1G1","2025-09-01T14:41:31.327226Z"
224,"1","design","2025-09-01T14:41:42.854082Z",1184,10.501,"amazon","neutral","My only complaint is that you really cannot adjust the height of the keyboard to make it more comfortable, a minor issue, but one nonetheless.","B00LZL83M0","2025-09-01T14:41:42.854118Z"
225,"1","general","2025-09-01T14:41:47.085119Z",1185,2.591,"amazon","positive","This totally fits the bill!","B08BVZLK9G","2025-09-01T14:41:47.085139Z"
226,"1","general","2025-09-01T14:41:56.724399Z",1186,7.918,"amazon","neutral","I have contemplated giving this to my son and replacing it with a newer version.","B00CM0XHNS","2025-09-01T14:41:56.724412Z"
227,"1","usability","2025-09-01T14:42:11.897256Z",1187,13.998,"amazon","positive","My main concern was one falling out, but with that pad, that hasn't been a problem and I doubt it will be.<br /><br />I had no problem with ear buds disconnecting from each other.","B074WTKWG6","2025-09-01T14:42:11.897270Z"
228,"1","support","2025-09-01T14:42:28.864627Z",1188,15.792,"amazon","negative","I wasn't sure what the guide stickers were for and they weren't mentioned in the instructions.","B019OG6WMA","2025-09-01T14:42:28.864664Z"
229,"1","usability","2025-09-01T14:42:34.907521Z",1189,5.143,"amazon","positive","Nothing wrong with the 10 inch one - it works GREAT, but this one is so much larger, making the photos easier to see from across the room.","B09Q2YP1ZH","2025-09-01T14:42:34.907534Z"
230,"1","general","2025-09-01T14:42:40.090015Z",1190,3.858,"amazon","negative","Pretty much useless after a month.. don’t waste your money.","B07ZV2D4H6","2025-09-01T14:42:40.090031Z"
231,"1","usability","2025-09-01T14:42:45.789089Z",1191,4.756,"amazon","positive","Certainly not as fast as the 950 Pro that I have in my desktop but it was perfect for a NUC build.","B00TGIVY1G","2025-09-01T14:42:45.789104Z"
232,"1","general","2025-09-01T15:13:52.261418Z",1192,1865.07,"amazon","positive","These work great and are much easier that punching down wires.","B08GKCN3BX","2025-09-01T15:13:52.261434Z"
233,"1","general","2025-09-01T15:13:57.565591Z",1193,3.961,"amazon","neutral","I will probably replace it with a leather or silicone band.","B07V2G9T49","2025-09-01T15:13:57.565636Z"
234,"1","design","2025-09-01T15:14:09.897064Z",1194,11.432,"amazon","neutral","They are great for cable management but not the best looking.","B07FW388KV","2025-09-01T15:14:09.897077Z"
235,"1","usability","2025-09-01T15:14:19.895353Z",1195,8.872,"amazon","positive","Easier to play games, check email, etc. then opening a laptop.","B07HZHJGY7","2025-09-01T15:14:19.895390Z"
236,"1","general","2025-09-01T15:15:54.187482Z",1196,92.903,"amazon","negative","Its gonna look terrible, fuzzy pic, no features or just not work.","B00AEP8TG8","2025-09-01T15:15:54.187495Z"
237,"1","general","2025-09-01T15:15:59.516258Z",1197,6.325,"amazon","neutral","I've even dropped it with the camera inside and there wasn't any problem.","B0142FNW4E","2025-09-01T15:16:03.457241Z"
238,"1","general","2025-09-01T15:16:12.614899Z",1198,8.306,"amazon","neutral","My own home classical guitar recordings come across very weak and muted out as compared to the sounds on the Z313 system.","B008X1BVH4","2025-09-01T15:16:12.614911Z"
239,"1","design","2025-09-01T15:23:24.429226Z",1199,427.203,"amazon","positive","Love how it lights up so you know the connection is active!","B07V7W2WSQ","2025-09-01T15:23:24.429240Z"
240,"1","usability","2025-09-01T15:25:11.703802Z",1200,105.941,"amazon","negative","I rarely take my iPad off the stand and today the clamp broke.","B08L9GHCNW","2025-09-01T15:25:11.703820Z"
241,"1","general","2025-09-01T15:27:51.667068Z",1201,158.964,"amazon","positive","That was a real problem with my older phone (a Motorola) which would ding me for a unit as soon as I hit the browser button.<br /><br />Value: Love the TMPL!","B007VFSCVG","2025-09-01T15:27:51.667083Z"
242,"1","general","2025-09-01T15:28:22.039666Z",1202,7.017,"amazon","neutral","Swapped the hdd with the ssd, restarted the laptop and poof!","B078DPCY3T","2025-09-01T15:28:22.040158Z"
243,"1","general","2025-09-01T15:29:54.709964Z",1203,91.815,"amazon","positive","This was recommended to me by several other fitness professional friends and they aren’t wrong—it’s great!","B07C32XSH1","2025-09-01T15:29:54.709979Z"
244,"1","general","2025-09-01T15:31:09.409516Z",1204,3.424,"amazon","negative","I hate to pay for commercials.","B003VPR090","2025-09-01T15:31:09.409531Z"
245,"1","usability","2025-09-01T15:32:38.438492Z",1205,88.137,"amazon","positive","Works great.  multiple USB ports are very useful (was using lap top as charging, and phone, and charging kindle no problem).","B074QLCKW6","2025-09-01T15:32:38.438504Z"
246,"1","general","2025-09-01T15:41:41.995024Z",1206,542.559,"amazon","negative","I wish I could return it.","B00GD1BGYO","2025-09-01T15:41:41.995039Z"
247,"1","general","2025-09-01T15:41:47.727344Z",1207,4.27,"amazon","positive","I'd had Meade telescopes before and because of the name, I went with the Polaris 130.<br /><br />Wow!!!","B00LU1DY8S","2025-09-01T15:41:47.727363Z"
248,"1","usability","2025-09-01T15:43:44.711259Z",1208,115.53,"amazon","negative","My sweet AirPod Pros are uncomfortable and fall out of my ear.","B08RLW281V","2025-09-01T15:43:44.711274Z"
249,"1","general","2025-09-01T15:44:40.667437Z",1209,55.142,"amazon","positive","So far I like this player more than my old Sony, which I have grown frustrated with over the years.","B00TKOSUDQ","2025-09-01T15:44:40.667472Z"
250,"1","usability","2025-09-01T15:46:27.846165Z",1210,105.808,"amazon","positive","They're used outdoors at our lake place and work great.","B00081NX5U","2025-09-01T15:46:27.846179Z"
251,"1","usability","2025-09-01T15:50:42.356488Z",1211,252.339,"amazon","neutral","It has to be plugged in so you will definitely need to use it somewhere indoors, which wasn't an issue for me since I already use Ring video camera outside.","B087D6DRCC","2025-09-01T15:50:42.356528Z"
252,"1","performance","2025-09-01T15:50:48.049581Z",1212,4.745,"amazon","positive","It’s a standard plug but a cable didn’t come for it.<br />Overall this is a great speaker with great sound and Alexa works perfectly!","B07Q337VV3","2025-09-01T15:50:48.049598Z"
253,"1","usability","2025-09-01T15:51:00.917540Z",1213,10.584,"amazon","positive","It’s great because you can listen to the radio, movies and the sound is ok for what it is.","B0BMFFG8ZH","2025-09-01T15:51:00.917555Z"
254,"1","general","2025-09-01T15:53:20.190196Z",1214,137.978,"amazon","positive","The old one that came with the Jabra Mini was great.","B07Y41NMK2","2025-09-01T15:53:20.190217Z"
255,"1","usability","2025-09-01T15:53:24.330585Z",1215,3.231,"amazon","neutral","You charge it using a micro USB cable.","B08LD6S3T9","2025-09-01T15:53:24.330667Z"
256,"1","general","2025-09-01T15:53:33.902065Z",1216,8.44,"amazon","negative","I'm very disappointed as we really needed a digital recorder and so far I have not been successful in obtaining resolution on this issue.","B00ZW9TT0G","2025-09-01T15:53:33.902077Z"
257,"1","performance","2025-09-01T15:53:48.947774Z",1217,13.12,"amazon","positive","Syncwire is truly the best when it comes to cables.","B07D6N51WD","2025-09-01T15:53:48.947793Z"
258,"1","performance","2025-09-01T15:53:53.528762Z",1218,3.823,"amazon","positive","The WiFi signal carries throughout the house pretty well and everything’s running great!","B01M12RE4A","2025-09-01T15:53:53.528797Z"
259,"1","design","2025-09-01T15:54:01.670041Z",1219,6.924,"amazon","positive","The device came with an external plastic case to help protect it from the weather.","B00AAPC5TE","2025-09-01T15:54:01.670056Z"
260,"1","general","2025-09-01T15:54:04.733402Z",1220,2.112,"amazon","neutral","I may decide to return it.","B08CRJ6S1F","2025-09-01T15:54:04.733417Z"
261,"1","general","2025-09-01T15:54:09.996540Z",1221,4.068,"amazon","neutral","Rather than spend $1,000+ for a new laptop, I bought this.","B0885WGX89","2025-09-01T15:54:09.996609Z"
262,"1","price","2025-09-01T15:54:37.292026Z",1222,10.327,"amazon","negative","I'm not even using the ones I have, after I got a pretty painful shock in my ears when I came indoors from the cold. (The ear buds that came with my headphones shock me, too, sometimes, but not as bad as these did.) I wasted my money. &#60;Sigh.&#62;","B004HKIADS","2025-09-01T15:54:37.292043Z"
263,"1","usability","2025-09-01T15:54:56.131041Z",1223,17.535,"amazon","neutral","Also, I'm not an obsessed prepper, but I do think having a go bag with things that can help you make it through some bad weather (flooding, tornadoes, etc.) and again, this little radio may be handy in circumstances like that.","B088D1YGZ8","2025-09-01T15:54:56.131056Z"
264,"1","usability","2025-09-01T15:56:01.891819Z",1224,64.475,"amazon","neutral","I have sensitive ears, so that might be part of the issue, but I generally don't have trouble with most earbuds.","B00UMSGHNY","2025-09-01T15:56:01.891832Z"
265,"1","performance","2025-09-01T15:56:12.986194Z",1225,10.052,"amazon","positive","Great noise isolating earbuds, with great sound and for a great price!<br /><br />Funny there is no &#34;L&#34; or &#34;R&#34; on them, and probably a good idea, as I put them in &#34;backwards&#34; once, and they fell so much more comfortable.","B016OF0IDI","2025-09-01T15:56:12.986209Z"
266,"1","design","2025-09-01T15:56:54.596336Z",1226,39.666,"amazon","positive","Seems solidly connect and fit AVR snug as a bug, really don't think it would come loose.","B073VBGNNT","2025-09-01T15:56:54.596370Z"
267,"1","design","2025-09-01T15:57:04.722401Z",1227,9.098,"amazon","positive","It's a little flimsy and light, and you'll need to be gentle with it, but the included carrying bag is great, and I kind of like how portable its weight makes it.","B00CBAVWG8","2025-09-01T15:57:04.722417Z"
268,"1","battery","2025-09-01T15:57:08.958172Z",1228,3.266,"amazon","negative","iffy battery life - kinda slow.","B01J90O7KK","2025-09-01T15:57:08.958205Z"
269,"1","build_quality","2025-09-01T15:57:15.787763Z",1229,5.307,"amazon","negative","Broken when it arrived","B01CF3L4YA","2025-09-01T15:57:15.787778Z"
270,"1","usability","2025-09-01T15:57:21.881775Z",1230,5.026,"amazon","positive","Fits my Dslr with 100-400 lens.","B07WDVWL72","2025-09-01T15:57:21.881794Z"
271,"1","usability","2025-09-01T15:59:07.929359Z",1231,104.651,"amazon","negative","And the scroll wheel doesn't wrap around, so you have to scroll the whole way. (Usually the menu item that's closest is ""Shop in Kindle Store"" or ""Buy Now"" - I find that blatantly rude.)<br />+ It's slow. ""Turning"" a page takes a full second or more, i.e. long enough that it breaks your flow.","B000FI73MA","2025-09-01T15:59:07.929374Z"
272,"1","usability","2025-09-01T16:03:40.460279Z",1232,271.13,"amazon","positive","For my Microsoft Surface, which is more of a tablet style laptop, I use it as a separate screen.<br /><br />Overall, I do like the P2 Pro for the connection features, as well as the changes in how it sets on the monitor.","B09LHTF3C9","2025-09-01T16:03:40.460294Z"
273,"1","usability","2025-09-01T16:03:49.717296Z",1233,8.434,"amazon","neutral","I'm not quite convinced this is the most ergonomic mouse ever, but it really depends on your desk setup and mouse position as well I feel.","B01936N73I","2025-09-01T16:03:49.717325Z"
274,"1","general","2025-09-01T16:03:58.114486Z",1234,7.548,"amazon","positive","After a month of using it my wife really likes it.","B07XJ7T8XY","2025-09-01T16:03:58.114550Z"
275,"1","general","2025-09-01T16:04:08.010786Z",1235,8.882,"amazon","neutral","As a matter of fact, even a good hard drive makes more noise.<br />Other than the fact that my drives remain very cool to the touch, I don't have any scientific data through testing supporting their use, other than, it makes perfect sense to me.","B0054U2GEO","2025-09-01T16:04:08.010805Z"
276,"1","general","2025-09-01T16:04:15.907731Z",1236,5.204,"amazon","neutral","I bought this product to try and repair a DVD that was having problem accessing one episode of a series on the disc.","B0027SFPIA","2025-09-01T16:04:15.907745Z"
277,"1","general","2025-09-01T16:04:22.489332Z",1237,5.547,"amazon","neutral","This outfit could have been real cute but hat was too small...","B00ZOCG8C8","2025-09-01T16:04:22.489349Z"
278,"1","general","2025-09-01T16:04:26.687677Z",1238,3.328,"amazon","negative","Hopefully that’s not the normal life span.","B083XVY99B","2025-09-01T16:04:26.687709Z"
279,"1","general","2025-09-01T16:04:33.085723Z",1239,5.471,"amazon","negative","I hate the Fire TV now.","B00CX5P8FC","2025-09-01T16:04:33.085759Z"
280,"1","performance","2025-09-01T16:04:37.051882Z",1240,3.132,"amazon","positive","Great wireless earbuds!","B07L4VHK4H","2025-09-01T16:04:37.051918Z"
281,"1","general","2025-09-01T16:04:41.375262Z",1241,3.013,"amazon","negative","However, it is extremely prone to bubbling.","B016B12PUE","2025-09-01T16:04:41.375276Z"
282,"1","price","2025-09-01T16:04:47.104190Z",1242,4.822,"amazon","positive","100 ft cat 7 for $22 bucks seems like a great deal.","B08LK8HNQ3","2025-09-01T16:04:47.104204Z"
283,"1","battery","2025-09-01T16:04:54.425262Z",1243,5.843,"amazon","positive","Yoga table has a great battery life but the design is terrible from a drop and destroy standpoint.","B00PH0SEA6","2025-09-01T16:04:54.425276Z"
284,"1","usability","2025-09-01T16:05:02.029397Z",1244,77.721,"amazon","neutral","If you need to keep track of multiple remotes like I do.","B098BHMHCL","2025-09-01T16:06:14.860546Z"
285,"1","performance","2025-09-01T16:06:24.665916Z",1245,8.254,"amazon","neutral","I think I will stick with the Roku Streaming Stick Plus in the living room which works just fine that I purchased from Amazon.","B00ZV9RDKK","2025-09-01T16:06:24.665930Z"
286,"1","build_quality","2025-09-01T16:07:43.783780Z",1246,78.079,"amazon","negative","I received the corner of outside plastic packing was broken about 2 inch long, strange but there is none of piece of plastic in the box,<br />I trashed two and seems rest of them are fine.","B000YTRUP0","2025-09-01T16:07:43.783797Z"
287,"1","usability","2025-09-01T16:07:53.546033Z",1247,8.946,"amazon","neutral","There are speakers underneath the arms that broadcast music almost directly into your ears.","B07WFY9DZP","2025-09-01T16:07:53.546048Z"
288,"1","design","2025-09-01T16:08:01.680124Z",1248,7.121,"amazon","positive","This was exactly what I was looking for - lightweight bag that is large enough to hold legal size folders - I really love this","B005GR6ORU","2025-09-01T16:08:01.680138Z"
289,"1","performance","2025-09-01T16:09:02.708399Z",1249,59.792,"amazon","neutral","If you have it in your pocket, the running light is visible and the slow fast feature is always one way, or another when it should be in the middle.","B0006OLB4O","2025-09-01T16:09:02.708413Z"
290,"1","performance","2025-09-01T16:09:18.624861Z",1250,15.065,"amazon","positive","It works great and has definitely speeded up my work and my network.","B0000XKBQU","2025-09-01T16:09:18.624876Z"
291,"1","price","2025-09-01T16:09:35.137019Z",1251,15.503,"amazon","positive","Good value for the money","B09GM7KW3L","2025-09-01T16:09:35.137092Z"
292,"1","general","2025-09-01T16:09:47.761871Z",1252,11.312,"amazon","neutral","If you're looking of this cable, you know exactly what you're getting into.","B00GBBSESC","2025-09-01T16:09:47.761883Z"
293,"1","general","2025-09-01T16:09:52.562844Z",1253,3.899,"amazon","positive","Overall, highly recommended!","B07V399KF7","2025-09-01T16:09:52.562888Z"
294,"1","other","2025-09-01T16:10:02.284352Z",1254,7.995,"amazon","positive","The small one I am giving to my next door neighbor who doesn't have one and I'm sure she will love seeing photos show up, too (even if they are smaller than mine!).","B0B71DCNSH","2025-09-01T16:10:02.284380Z"
295,"1","general","2025-09-01T16:10:09.654449Z",1255,6.073,"amazon","neutral","Best reception is up high near a window.","B06XTH5ZB6","2025-09-01T16:10:09.654464Z"
296,"1","performance","2025-09-01T16:10:35.018887Z",1256,24.163,"amazon","neutral","I like white accessories like these earbuds but sound quality lacks bass,i would return them but i like the case they came in.i am going to try them with my phone,hopefully the earbuds will be good for it","B07B3TDLJH","2025-09-01T16:10:35.018899Z"
297,"1","usability","2025-09-01T16:12:59.216030Z",1257,143.175,"amazon","negative","Then the camera kept shutting down at important moments!","B07P3J1HLW","2025-09-01T16:12:59.216045Z"
298,"1","usability","2025-09-01T16:13:05.828048Z",1258,5.746,"amazon","negative","I noticed that the cord seemed to charge better when I plugged it into the Anker adapter but after a few weeks, I had the same issue where the lightning cord randomly would stop working.","B014FCN6KO","2025-09-01T16:13:05.828088Z"
299,"1","design","2025-09-01T16:13:20.462184Z",1259,10.024,"amazon","positive","Beautifully embossed and sturdy.","B01KHIOQ7W","2025-09-01T16:13:20.462200Z"
300,"1","performance","2025-09-01T16:14:35.396843Z",1260,26.943,"amazon","positive","I do get a slight delay, but my headphones shut out the sound from the soundbar and it is perfect.","B00SMBFZNG","2025-09-01T16:14:35.396966Z"
301,"1","general","2025-09-01T16:14:42.488596Z",1261,6.126,"amazon","neutral","AVS forums has loads of suggested settings as well as a means to go through the process on your own.","B00HZZZM56","2025-09-01T16:14:42.488630Z"
302,"1","price","2025-09-01T16:14:50.224015Z",1262,6.805,"amazon","positive","6 years... heavily used...got my moneys worth.","B00CMAQHUI","2025-09-01T16:14:50.224031Z"
303,"1","performance","2025-09-01T16:15:11.458676Z",1263,20.305,"amazon","positive","I bought 2 of these, the 2nd by mistake & it turned out to be a good mistake.<br />Love these headphone.","B00WUT2IGS","2025-09-01T16:15:11.458691Z"
304,"1","performance","2025-09-01T16:15:35.674399Z",1264,22.772,"amazon","neutral","Daytime video is good, Night time video quality could use a update (please) so could the lag time.<br />Works great with my echo show 5 and 8,  Also just ask Alexa with your  fire stick 4k remote control and the Blink floodlight cam will show up on the TV set !","B094YXVVRF","2025-09-01T16:15:35.674444Z"
305,"1","performance","2025-09-01T16:15:44.055558Z",1265,7.352,"amazon","negative","Great design concept, but hardware is not the best and does not close well if filled with discs.","B000BS2MKM","2025-09-01T16:15:44.055576Z"
306,"1","price","2025-09-01T16:16:28.491649Z",1266,43.468,"amazon","positive","That's a different radio frequency and requires a different setup.<br /><br />I am amazed at the great stuff you can get these days for such reasonable prices.","B00KM1QZRY","2025-09-01T16:16:28.491702Z"
307,"1","usability","2025-09-01T16:17:12.818974Z",1267,43.049,"amazon","negative","The Bluetooth turns on and off and they were supposed to be silver not black","B0BGS3F22P","2025-09-01T16:17:12.819025Z"
308,"1","performance","2025-09-01T16:17:19.655342Z",1268,6.08,"amazon","positive","Volume is just right for her to listen in her room.","B003VWW3Q8","2025-09-01T16:17:19.655355Z"
309,"1","design","2025-09-01T16:17:24.695648Z",1269,4.107,"amazon","positive","Sleek design, fits and feels great in my hand, slides with ease.","B09BRD98T4","2025-09-01T16:17:24.695661Z"
310,"1","performance","2025-09-01T16:17:29.370594Z",1270,3.324,"amazon","positive","This cable works well, it transfers fast, and it charges fast too.","B07YDJRXQN","2025-09-01T16:17:29.370607Z"
311,"1","general","2025-09-01T16:17:36.745785Z",1271,6.504,"amazon","neutral","If you've ever used the older style connectors then you'll know what I mean when I say I'm tossing all of my old non-pass-through connectors out.","B09JNZWDHJ","2025-09-01T16:17:36.745800Z"
312,"1","other","2025-09-01T16:17:51.954873Z",1272,9.146,"amazon","neutral","I have a handful of off brand cylinder shaped bluetooth speakers that put off a good amount of sound and even the cheap ones have a decent amount of bass to them.","B0B445JCZ3","2025-09-01T16:17:51.954889Z"
313,"1","usability","2025-09-01T16:18:05.058010Z",1273,12.207,"amazon","positive","Styling is great.<br /><br />Seems easy to use - power it up and film away.","B09TZQDLVV","2025-09-01T16:18:05.058109Z"
314,"1","build_quality","2025-09-01T16:18:15.303107Z",1274,9.353,"amazon","positive","I love being able to “spin” my iPad in the case.","B08YYHJPTM","2025-09-01T16:18:15.303120Z"
315,"1","usability","2025-09-01T16:18:18.892841Z",1275,2.722,"amazon","neutral","If you have smallish hand or buying this for a kid, it will feel huge.","B003VAHYQY","2025-09-01T16:18:18.892883Z"
316,"1","design","2025-09-01T16:18:28.007035Z",1276,7.787,"amazon","positive","Right off, this is a great looking adapter.","B07LFWRL26","2025-09-01T16:18:28.007050Z"
317,"1","support","2025-09-01T16:19:26.691971Z",1277,57.536,"amazon","positive","I'm in my 60's too..so, I'm a little ""technically challenged."" It worked out great when I was trying to read my friend's manuscript of his upcoming book.. he's an author..of a book sold here on Amazon,  it's called, "" Rebecca, Merciful Love"" by C.E.","B07X82DGTH","2025-09-01T16:19:26.691988Z"
318,"1","usability","2025-09-01T16:20:02.467555Z",1278,34.816,"amazon","negative","The DTA's now force me to use their proprietary remote, which negates the features on my equipment, such as Control for HDMI, screen format, channel skipping and a long list more.","B00005T3EY","2025-09-01T16:20:02.467572Z"
319,"1","support","2025-09-01T17:27:45.970632Z",1279,15.774,"amazon","positive","Comes with hardware.<br /><br />Interesting note on hardware.","B09FJCNJ4T","2025-09-01T17:27:45.970650Z"
320,"1","design","2025-09-01T17:27:48.756635Z",1280,12.264,"amazon","negative","But this solution  (and to a lesser extent the over-ear ones) take care of the problem-  My ears have particularly small canal openings and the two are not exactly the same, so this issue was more prevalent to me, no doubt, and I also wear glasses, which impact the outer ear.","B0837G66Q5","2025-09-01T17:27:48.756666Z"
321,"1","general","2025-09-01T17:27:56.468565Z",1281,6.826,"amazon","positive","So it’s a great case!!!!","B07RR6HQKX","2025-09-01T17:27:56.468581Z"
322,"1","performance","2025-09-01T17:28:05.279134Z",1282,7.806,"amazon","neutral","Worked fine for a few months, now about 6 months later I have to jiggle it a lot for my computer to see my phone.","B01540Q4FK","2025-09-01T17:28:05.279151Z"
323,"1","design","2025-09-01T17:28:10.070309Z",1283,3.533,"amazon","positive","A little flimsy but looks are nice.","B002YOVKFE","2025-09-01T17:28:10.070347Z"
324,"1","general","2025-09-01T17:28:14.901178Z",1284,4.006,"amazon","neutral","Everything seemed fine until I needed money for some food.","B08QCM7FL1","2025-09-01T17:28:14.901195Z"
325,"1","general","2025-09-01T17:28:21.584217Z",1285,5.426,"amazon","positive","No problems to speak of (we'll see there as budget drives have that tendency), but so far love it.","B01CN6X09Q","2025-09-01T17:28:21.584263Z"
326,"1","performance","2025-09-01T17:28:26.765783Z",1286,4.356,"amazon","positive","Overall, this is a very excellent 4-star product.<br /><br />Pros:<br />The sound is just great.","B0035JKJAE","2025-09-01T17:28:26.765819Z"
327,"1","usability","2025-09-01T17:28:42.457182Z",1287,14.499,"amazon","neutral","I mean, I always have a group of charged batteries so changing this doorbell's battery isn't a problem; however, if some idiot wanted to, all they would have to do is yank this off the pad and remove the battery to effectively ""blind"" you.","B07SBFV5BN","2025-09-01T17:28:42.457199Z"
328,"1","performance","2025-09-01T17:28:47.882775Z",1288,4.539,"amazon","positive","This is very similar - excellent resolution, nice and bright, a bit wider aspect than what the iPad Air has.<br /><br />The sound is about as good as one would expect.","B014854RGK","2025-09-01T17:28:47.882812Z"
329,"1","price","2025-09-01T17:28:55.237792Z",1289,6.603,"amazon","positive","You get what you pay for with this and not worth the drive to return.","B006VZLOV2","2025-09-01T17:28:55.237805Z"
330,"1","battery","2025-09-01T17:28:59.201708Z",1290,2.794,"amazon","negative","Drops 90% in 24 hours","B089DNNJ1S","2025-09-01T17:28:59.201748Z"
331,"1","usability","2025-09-01T17:29:05.501033Z",1291,5.241,"amazon","negative","Not the correct hardware for our application.","B00ECCC85C","2025-09-01T17:29:05.501049Z"
332,"1","usability","2025-09-01T17:29:12.735533Z",1292,5.807,"amazon","positive","Flash fires quickly and recharges fast for the next shot.","B007G3DQI2","2025-09-01T17:29:12.735635Z"
333,"1","usability","2025-09-01T17:29:16.981038Z",1293,3.416,"amazon","negative","Nothing to grab on to; would not risk using a screwdriver.","B00XK73HT6","2025-09-01T17:29:16.981074Z"
334,"1","usability","2025-09-01T17:30:47.974221Z",1294,90.006,"amazon","positive","In the heady buy frame of mind when I decided to buy my Kindle, I knew I needed a cover, and I thought I needed an additional light. (A Kindle owning friend told me that she wished the Kindle was back lit) So, I was pretty happy when I found this combination cover and light from Periscope.","B00279VK9W","2025-09-01T17:30:47.974235Z"
335,"1","usability","2025-09-01T17:30:53.851103Z",1295,5.037,"amazon","positive","It's excellent quality and the ends are nice and tight; they also fit well into his computer and the router.","B0171EURDC","2025-09-01T17:30:53.851140Z"
336,"1","performance","2025-09-01T17:30:59.423619Z",1296,4.335,"amazon","positive","But when someone wants a dash cam they never have to fool with unless they get in a wreck and need the footage, this the THE best hands down.","B07532KZ3L","2025-09-01T17:30:59.423634Z"
337,"1","price","2025-09-01T17:31:07.089793Z",1297,6.507,"amazon","positive","Great quality, much better than expected for the price.","B00OKSMA6A","2025-09-01T17:31:07.089827Z"
338,"1","usability","2025-09-01T17:31:13.224116Z",1298,4.802,"amazon","neutral","If you're using a gaming computer that needs 60Hz or 120Hz, you'll probably need a better quality cable than this one.","B0BMKMHH8V","2025-09-01T17:31:13.224156Z"
339,"1","general","2025-09-01T17:31:19.194813Z",1299,5.12,"amazon","neutral","My old remote was not responding when certain buttons were hit - a remote is not much good if you push play and nothing happens, although other actions worked fine, and a battery change did not help.","B01B5U1TLC","2025-09-01T17:31:19.194826Z"
340,"1","usability","2025-09-01T17:31:23.484176Z",1300,3.113,"amazon","positive","I’m glad I took a chance on this card since I bought another one that was never recognized.","B00K73NT0S","2025-09-01T17:31:23.484214Z"
341,"1","general","2025-09-01T17:31:40.384222Z",1301,15.8,"amazon","positive","Other products can corrupt data but this one out performs those in ease of use and the fact that it holds 2 drives is very nice!","B0759567JT","2025-09-01T17:31:40.384238Z"
342,"1","usability","2025-09-01T17:31:47.407644Z",1302,5.809,"amazon","positive","I didn't think I'd like the noise cancellation initially as I use them for running outside and it doesn't seem super safe to not be able to hear what's going on in your surroundings, but that isn't the case.","B01G8JO5F2","2025-09-01T17:31:47.407663Z"
343,"1","general","2025-09-01T17:57:11.821316Z",1303,1523.5,"amazon","positive","100 percent Great..awesome size and feel.","B00TGOWK3Q","2025-09-01T17:57:11.821329Z"
344,"1","price","2025-09-01T17:57:16.645778Z",1304,3.878,"amazon","positive","at a great price this is fine memory. for those of you who do not know memory all is good for life .","B003WGJYCY","2025-09-01T17:57:16.645813Z"
345,"1","design","2025-09-01T17:58:04.791171Z",1305,32.012,"amazon","negative","The only issue is that the volume buttons don't like up exactly right.","B08BF8SJD4","2025-09-01T17:58:04.791185Z"
346,"1","usability","2025-09-01T17:58:12.686467Z",1306,7.053,"amazon","neutral","I’d also suggest being very careful when removing them as well - the Apple tips are surprisingly resilient (seemingly indestructible, despite the impression that the silicone is easily tearable.","B083TWVSJS","2025-09-01T17:58:12.686486Z"
347,"1","usability","2025-09-01T17:58:17.090771Z",1307,3.509,"amazon","positive","I have been using it for approximately a month now and I have zero complaints.","B08YY9FTGZ","2025-09-01T17:58:17.090785Z"
348,"1","performance","2025-09-01T17:58:19.625715Z",1308,1.741,"amazon","positive","The sound is amazing!","B01G8JO5F2","2025-09-01T17:58:19.625731Z"
349,"1","usability","2025-09-01T17:58:27.914484Z",1309,7.01,"amazon","positive","Watched a short YouTube video on how to install and it was quick and easy.","B09Q2MW21F","2025-09-01T17:58:27.914503Z"
350,"1","support","2025-09-01T17:58:33.434241Z",1310,4.025,"amazon","positive","I was able to contact Acer and they did resolve the issue within a reasonable amount of time.","B07GM2TCPM","2025-09-01T17:58:33.434257Z"
351,"1","build_quality","2025-09-01T17:58:45.724596Z",1311,7.899,"amazon","positive","Great quality built right never stripped.","B073XBX7N4","2025-09-01T17:58:45.724615Z"
352,"1","usability","2025-09-01T18:08:59.680201Z",1312,613.135,"amazon","positive","It's nice because if you have a show on and need to do something by the kitchen or in the garden, you can keep listening as if you were in the same room--no problem!<br /><br />The sound quality is perfect for TV.","B06XYTQJTN","2025-09-01T18:08:59.680215Z"
353,"1","general","2025-09-01T18:27:52.004993Z",1313,1130.983,"amazon","positive","Fast shipment and great purchase overall.","B07KD8R6HD","2025-09-01T18:27:52.005007Z"
354,"1","other","2025-09-01T18:28:07.316041Z",1314,14.399,"amazon","negative","This seller is misrepresenting this cable in their photos - by a lot.<br /><br />I love greens..this disappointed.","B08NVCJGHJ","2025-09-01T18:28:07.316060Z"
355,"1","support","2025-09-01T18:28:13.266197Z",1315,5.145,"amazon","negative","I read all of the documentation that comes with the mouse, and it didn't say what to do in my case.","B001QXDN68","2025-09-01T18:28:13.266217Z"
356,"1","design","2025-09-01T18:28:22.536703Z",1316,4.122,"amazon","negative","Apparently their diameters and adapters are all over the place.)<br /><br />Softboxes can be floppy things when broken down.","B00COTPLN6","2025-09-01T18:28:22.536747Z"
357,"1","general","2025-09-01T18:28:39.631308Z",1317,16.193,"amazon","positive","I set mine to 5MP - perfect for my uses.","B001PKTR76","2025-09-01T18:28:39.631323Z"
358,"1","general","2025-09-01T18:28:44.901553Z",1318,4.387,"amazon","neutral","However it did take me awhile to reach this state.","B01KI8XHTE","2025-09-01T18:28:44.901570Z"
359,"1","build_quality","2025-09-01T18:28:51.467204Z",1319,5.629,"amazon","negative","We ordered this product and when we received it parts were broken, holes that should have been there were not drilled and parts did not line up correctly.","B00A7X4M1S","2025-09-01T18:28:51.467225Z"
360,"1","connectivity","2025-09-01T18:31:06.862930Z",1320,134.335,"amazon","negative","Only complaint is that the speaker makes a slight chirp before playing audio but that doesn't appear to be a defect from the model, it seems to be a driver issue.","B076V553F5","2025-09-01T18:31:06.862945Z"
361,"1","usability","2025-09-01T18:32:50.588964Z",1321,102.424,"amazon","negative","Dusting crud out of the crevices in the car(looking at you USB charge port the auto manufacturer put in the worst possible exposed spot).","B08MF8MQ55","2025-09-01T18:32:50.588977Z"
362,"1","usability","2025-09-01T18:33:18.863709Z",1322,27.477,"amazon","negative","So, it is pretty much useless for displaying portrait-oriented or odd-sized photos.","B081J5SMY5","2025-09-01T18:33:18.863723Z"
363,"1","general","2025-09-01T18:44:57.036676Z",1323,695.564,"amazon","positive","I love the style of the Ayl very much but one very important detail keeps me from being able to be completely satisfied. (see review)<br /><br />I wouldn't hesitate to recommend the TB2 and am so glad I got it.","B005K2Z99U","2025-09-01T18:44:57.036691Z"
364,"1","usability","2025-09-01T18:45:07.427500Z",1324,9.388,"amazon","positive","The extra adapters help to fit!","B07PT76LW4","2025-09-01T18:45:07.427517Z"
365,"1","usability","2025-09-01T18:45:21.097854Z",1325,12.821,"amazon","negative","I then slid the mouse button into the on position and everything worked.<br /><br />After using this for a while, I hate this set, particularly the mouse.","B08NDVF9VG","2025-09-01T18:45:21.097866Z"
366,"1","usability","2025-09-01T18:45:26.048440Z",1326,4.156,"amazon","positive","One has a Velcro strap that goes across it with a picture of a laptop so as you probably guessed this would be the perfect place to store a smaller sized laptop.","B083997KGC","2025-09-01T18:45:26.048453Z"
367,"1","price","2025-09-01T18:45:37.644241Z",1327,10.125,"amazon","positive","Returned and got one for same price and is amazing.","B0BGBYHL6Z","2025-09-01T18:45:37.644258Z"
368,"1","general","2025-09-01T18:45:42.139489Z",1328,3.721,"amazon","positive","Love this photo box!","B078X5QR8J","2025-09-01T18:45:42.139590Z"
369,"1","usability","2025-09-01T18:45:45.221291Z",1329,2.207,"amazon","positive","Good item.  using it every day.","B00O9MG7PC","2025-09-01T18:45:45.221331Z"
370,"1","general","2025-09-01T18:45:52.006106Z",1330,4.33,"amazon","neutral","It isn't so big that you can't fit it into a shoulder bag for work.","B00FHPLTJE","2025-09-01T18:45:52.006138Z"
371,"1","usability","2025-09-01T18:45:57.482394Z",1331,4.491,"amazon","positive","These really work great!","B08DRZ7FM6","2025-09-01T18:45:57.482434Z"
372,"1","general","2025-09-01T18:46:02.983388Z",1332,4.437,"amazon","neutral","I bought this item knowing it might not work, but though I'd give it a try.","B00JD32KMQ","2025-09-01T18:46:02.983466Z"
373,"1","general","2025-09-01T18:46:07.644273Z",1333,3.758,"amazon","positive","This gadget is a lifesaver!","B087QFM3GF","2025-09-01T18:46:07.644308Z"
374,"1","usability","2025-09-01T18:46:11.778110Z",1334,2.81,"amazon","positive","It is easy to put on and I love the smoothness of it.","B0144AAIWQ","2025-09-01T18:46:11.778124Z"
375,"1","price","2025-09-01T18:46:24.123133Z",1335,11.338,"amazon","negative","However, at the current price (about $90 on Amazon), this hub seems expensive for what it is.","B013P0JU66","2025-09-01T18:46:24.123148Z"
376,"1","price","2025-09-01T18:46:33.106737Z",1336,7.797,"amazon","positive","I have had much more expensive headsets but for the money these were a good fit.","B01G8JO5F2","2025-09-01T18:46:33.106774Z"
377,"1","design","2025-09-01T18:46:38.171534Z",1337,3.772,"amazon","positive","Looks and fits perfect in the ear.","B07R5MKX3K","2025-09-01T18:46:38.171553Z"
378,"1","performance","2025-09-01T18:46:47.354738Z",1338,8.241,"amazon","positive","The camera quality is great and the night vision capability is very easy to look at and see what's going on.","B088WN41YF","2025-09-01T18:46:47.354753Z"
379,"1","usability","2025-09-01T18:46:52.486251Z",1339,3.816,"amazon","positive","Best item ever made because I hate typing on my PlayStation.","B07DDDLQZV","2025-09-01T18:46:52.486289Z"
380,"1","usability","2025-09-01T18:46:57.844696Z",1340,4.522,"amazon","positive","It works well and matches my IPad and keyboard - very happy!","B0814ZMYMS","2025-09-01T18:46:57.844733Z"
381,"1","general","2025-09-01T18:47:03.490165Z",1341,4.805,"amazon","neutral","However, I found that the VZ router produces a MoCA signal over the coax line.","B00FKTMWDE","2025-09-01T18:47:03.490178Z"
382,"1","performance","2025-09-01T18:47:13.994725Z",1342,8.867,"amazon","positive","Great speaker and super easy to set up.","B010OYASRG","2025-09-01T18:47:13.994745Z"
383,"1","connectivity","2025-09-01T18:47:26.859845Z",1343,11.969,"amazon","negative","I've ruled out this is my modem - I have a computer that is connected via Ethernet and it never, ever loses the signal, even when both WiFi bands say ""Connected, No Internet.""<br /><br />I've changed the channel widths, which do nothing to solve the issue.","B079JD7F7G","2025-09-01T18:47:26.859863Z"
384,"1","price","2025-09-01T18:47:31.430625Z",1344,3.688,"amazon","positive","For the price, this memory can not be beaten.","B0829F4621","2025-09-01T18:47:31.430665Z"
385,"1","design","2025-09-01T18:47:38.690676Z",1345,5.913,"amazon","positive","Like so many Apple products the lines are clean and attractive making it an appealing addition to my office.","B0043GCBU4","2025-09-01T18:47:38.690715Z"
386,"1","general","2025-09-01T18:47:48.090030Z",1346,8.455,"amazon","negative","But This Refurbished Plantronics Bluetooth Headset, Was Not An Acceptable Bluetooth.","B07FTTPVGG","2025-09-01T18:47:48.090050Z"
387,"1","price","2025-09-01T18:47:56.331739Z",1347,5.708,"amazon","positive","But for the money is a great little tripod.","B001MYL1AG","2025-09-01T18:47:56.331779Z"
388,"1","general","2025-09-01T18:48:04.137385Z",1348,6.786,"amazon","positive","Great product (wish the fitting didn't slide up, though!)","B071Y4PNNS","2025-09-01T18:48:04.137404Z"
389,"1","design","2025-09-01T18:48:12.969655Z",1349,7.562,"amazon","neutral","Volume knob requires a bit of turing to adjust volume, this could be a plus or minus since it allows finer control over volume, I prefer a quicker adjustment, but again could go either way.","B00BIF0XTE","2025-09-01T18:48:12.969687Z"
390,"1","price","2025-09-01T18:48:19.561182Z",1350,5.521,"amazon","neutral","I got it super cheap, so these are less impactful than they would be otherwise.","B01J90O7KK","2025-09-01T18:48:19.561198Z"
391,"1","price","2025-09-01T18:48:25.058909Z",1351,4.225,"amazon","positive","I am considering purchasing another for my nephew depending on how that first report card looks because it is that great of a deal!","B07WMDV7CW","2025-09-01T18:48:25.058938Z"
392,"1","general","2025-09-01T18:48:31.321026Z",1352,3.736,"amazon","negative","It seems several others are having the same or a similar problem.","B00MV72REW","2025-09-01T18:48:31.321066Z"
393,"1","usability","2025-09-01T18:48:34.734533Z",1353,2.56,"amazon","positive","I love using this for my wireless Halo remote.","B073VZ2Z6F","2025-09-01T18:48:34.734548Z"
394,"1","price","2025-09-01T18:48:45.931996Z",1354,10.406,"amazon","positive","Absolutely YES.<br /><br />And when you consider that flagship Snapdragon 8 class options such as the Galaxy Tab S8 can cost 4-5x as much as this one, you have to consider that they aren't actually 4-5x BETTER for the money.","B09SFX1KYC","2025-09-01T18:48:45.932014Z"
395,"1","usability","2025-09-01T18:48:54.525083Z",1355,7.119,"amazon","neutral","It does what it says, holds up my laptop great and all, but it's pretty difficult to adjust and get each side even.","B071Y7SQW9","2025-09-01T18:48:54.525100Z"
396,"1","general","2025-09-01T18:48:58.256546Z",1356,2.838,"amazon","positive","I wish I could give you a 10 star.","B0753ZYBK4","2025-09-01T18:48:58.256580Z"
397,"1","usability","2025-09-01T18:49:06.048242Z",1357,6.361,"amazon","negative","I love reading my kindle as is, dont like the extra weight of a cover.","B0057WTEWQ","2025-09-01T18:49:06.048281Z"
398,"1","general","2025-09-01T18:49:09.361232Z",1358,2.408,"amazon","positive","great fit and function","B01DUL966O","2025-09-01T18:49:09.361247Z"
399,"1","general","2025-09-01T18:49:12.329884Z",1359,2.104,"amazon","positive","A great product, very happy with it.","B074SHZHFF","2025-09-01T18:49:12.329923Z"
400,"1","performance","2025-09-01T18:49:23.623706Z",1360,9.956,"amazon","negative","For example watching television or Netflix on my laptop or tablet.<br /><br />Advise not buying these and wait for the next generation which hopefully will not have the same issue.<br /><br />I bought the Sony WH-1000MX3 headphones.","B07NM3RSRQ","2025-09-01T18:49:23.623722Z"
401,"1","general","2025-09-01T18:49:27.425949Z",1361,2.97,"amazon","neutral","This kit reminds me of the old DiscWasher from the 70's and 80's!","B07DVSTBXM","2025-09-01T18:49:27.425984Z"
402,"1","usability","2025-09-01T18:49:31.456532Z",1362,3.07,"amazon","positive","There is several people who have complaints about little things but, overall it works great.","B01N32NCPM","2025-09-01T18:49:31.456551Z"
403,"1","usability","2025-09-01T18:49:41.529745Z",1363,8.745,"amazon","negative","I don't except perfect but you can barely hear when you ask a question the response!","B01DFKC2SO","2025-09-01T18:49:41.529764Z"
404,"1","performance","2025-09-01T18:49:48.800735Z",1364,6.438,"amazon","positive","But when you're alone or drinking with 3-4 friends and a great song comes on, this little speaker system will let you turn it up and enjoy your music, louder than you'd normally listen, with some room to go.<br />(It's great for watching movies too!)","B000062VUO","2025-09-01T18:49:48.800774Z"
405,"1","general","2025-09-01T18:49:53.775450Z",1365,3.776,"amazon","neutral","Canon seems to be phasing this one out.","B00BW6LTG0","2025-09-01T18:49:53.775465Z"
406,"1","usability","2025-09-01T18:50:03.219753Z",1366,8.552,"amazon","neutral","Most of the time this doesn't mean anything, but like all fanless computer designs it is extremely possible the unit will need to slow itself down to prevent overheating if used for extended periods of time.","B09V2GMFGS","2025-09-01T18:50:03.219789Z"
407,"1","battery","2025-09-01T18:50:06.172844Z",1367,2.073,"amazon","neutral","Battery life was average at best.","B0863H2Z27","2025-09-01T18:50:06.172885Z"
408,"1","general","2025-09-01T18:50:16.104331Z",1368,8.649,"amazon","neutral","If you like ghosts ding-dong-ditching you at 3AM, or inexplicable door bell rings at random times, this is the device for you!","B01DM6BDA4","2025-09-01T18:50:16.104350Z"
409,"1","general","2025-09-01T18:50:21.071251Z",1369,4.064,"amazon","neutral","I usually just bring my laptop bag and I try to ditch the purse and this makes that easier.","B081JNJYHH","2025-09-01T18:50:21.071289Z"
410,"1","usability","2025-09-01T18:50:30.501586Z",1370,8.606,"amazon","positive","It fit perfect and instructions were easy .","B0956ZWW4F","2025-09-01T18:50:30.501624Z"
411,"1","usability","2025-09-01T18:50:37.686443Z",1371,5.926,"amazon","positive","Plex server reboots without any issue and I can remote to it all the time.","B093PYT66X","2025-09-01T18:50:37.686478Z"
412,"1","general","2025-09-01T18:50:41.551662Z",1372,2.927,"amazon","neutral","The van came with a backup camera down low.","B08H1WZSK9","2025-09-01T18:50:41.551698Z"
413,"1","performance","2025-09-01T18:50:44.840478Z",1373,2.44,"amazon","positive","They are comfortable and sound great!","B00WGMRD2S","2025-09-01T18:50:44.840513Z"
414,"1","performance","2025-09-01T18:50:49.204129Z",1374,2.349,"amazon","positive","The remote works now.","B08C1W5N87","2025-09-01T18:50:49.204163Z"
415,"1","price","2025-09-01T18:50:53.075850Z",1375,2.915,"amazon","positive","Works great for my needs and at an excellent price.","B00KYH6LSY","2025-09-01T18:50:53.075865Z"
416,"1","battery","2025-09-01T18:50:57.238841Z",1376,3.32,"amazon","positive","The battery life is excellent on these, I could go many days without having to charge them and that was sleeping in them every night.","B09NXM95TP","2025-09-01T18:50:57.238855Z"
417,"1","general","2025-09-01T18:51:04.105433Z",1377,5.831,"amazon","positive","These cords are great.","B073PT6Q1P","2025-09-01T18:51:04.105475Z"
418,"1","price","2025-09-01T18:51:08.803597Z",1378,3.866,"amazon","positive","Great quality for the price, this will last for a decade or more","B0081F2Z40","2025-09-01T18:51:08.803633Z"
419,"1","price","2025-09-01T18:51:12.473951Z",1379,2.841,"amazon","positive","Very cute and a great product for the price.","B07ZH5S7VT","2025-09-01T18:51:12.474050Z"
420,"1","general","2025-09-01T18:51:15.887695Z",1380,2.225,"amazon","neutral","I should return it earlier.","B00CGV3XF0","2025-09-01T18:51:15.888145Z"
421,"1","usability","2025-09-01T18:51:26.024155Z",1381,9.27,"amazon","positive","If you're good with painting, you can even paint the Workspace Hub to blend, or contrast, the colors of your walls.<br /><br />Added:  Had this up on my wall.","B01A0N0RAO","2025-09-01T18:51:26.024171Z"
422,"1","design","2025-09-01T18:51:32.239575Z",1382,5.324,"amazon","positive","Beautiful Black color and a very nice box, Music, I love music..... recommend.","B00IJSBHN4","2025-09-01T18:51:32.239589Z"
423,"1","performance","2025-09-01T18:51:37.400991Z",1383,3.774,"amazon","positive","I’ve had no issue with them unpairing, sound delay, echoing or distortion.<br /><br />These speakers have proven to be an excellent addition to our pool environment and a definite hit during parties.","B08RSHZYH7","2025-09-01T18:51:37.401024Z"
424,"1","build_quality","2025-09-01T18:51:42.557017Z",1384,6.007000000000001,"amazon","negative","My backstand got few  scratches cause the left side wouldn’t stick on the backstand of my surface..","B07GTH4SSC","2025-09-01T18:51:46.284635Z"
425,"1","price","2025-09-01T18:51:50.773732Z",1385,3.649,"amazon","positive","Trust me, you get what you pay for.","B01BV13S7S","2025-09-01T18:51:50.773748Z"
426,"1","general","2025-09-01T18:52:00.516680Z",1386,8.33,"amazon","negative","There were cheaper meters for sale, but they had generally bad reviews.","B0002EH4YO","2025-09-01T18:52:00.516713Z"
427,"1","price","2025-09-01T18:52:07.744213Z",1387,5.875,"amazon","positive","A great deal at any the price.","B075X353VX","2025-09-01T18:52:07.744253Z"
428,"1","support","2025-09-01T18:52:13.027303Z",1388,4.399,"amazon","negative","The Web site is slow and not always working, but I did get to someone, and they gave me the obvious suggestions like turning everything off and back on, dismounting and remounting the drive, trying a different drive, etc.","B005DB6NG6","2025-09-01T18:52:13.027318Z"
429,"1","usability","2025-09-01T18:52:20.749961Z",1389,6.854,"amazon","neutral","Not a solid hard shell, but I have doped mine in the case with no problem.","B00L9JFJ3O","2025-09-01T18:52:20.749994Z"
430,"1","design","2025-09-01T18:52:25.833782Z",1390,4.198,"amazon","positive","It’s also detachable, which is a nice feature.","B00WGY5COW","2025-09-01T18:52:25.833813Z"
431,"1","general","2025-09-01T18:52:31.504014Z",1391,4.829,"amazon","neutral","But I ordered a $10 magnetic adapter and the magnetic diffuser dome for it so that settles that problem for an additional $20.","B01E16K04E","2025-09-01T18:52:31.504054Z"
432,"1","usability","2025-09-01T18:52:39.465551Z",1392,6.536,"amazon","neutral","The directions are a direct google translate from Chinese.","B0B9ZZYTJP","2025-09-01T18:52:39.465585Z"
433,"1","price","2025-09-01T18:52:53.191443Z",1393,12.849,"amazon","negative","The only problem I have had is with their customer service... they charged me the porting fee ($39.99), plus the Premier service ($99.99) and the porting service was supposed to be free if you ordered the Premier services.","B001C1MGKI","2025-09-01T18:52:53.191456Z"
434,"1","general","2025-09-01T18:53:02.541543Z",1394,13.758000000000001,"amazon","negative","I had to return the first one I bought, and this one had different bugs than the first one.","B0191XMBV2","2025-09-01T20:40:55.743186Z"
435,"1","price","2025-09-01T20:41:06.852883Z",1395,9.798,"amazon","negative","I don't at this price, since they say all wires oxidise at about a half inch per year.","B00009WQSR","2025-09-01T20:41:06.852918Z"
436,"1","battery","2025-09-01T20:41:47.516297Z",1396,37.755,"amazon","positive","It charges the battery adequately enough to keep the camera active through the night.","B09WVLXKLF","2025-09-01T20:41:47.516310Z"
437,"1","design","2025-09-01T20:41:53.704676Z",1397,4.225,"amazon","positive","My friends love the color and I like the color options as well.","B00H40VL66","2025-09-01T20:41:53.704714Z"
438,"1","usability","2025-09-01T20:41:59.335736Z",1398,4.107,"amazon","positive","To clean my TV  phone n tablets screens worked great","B009L77OXE","2025-09-01T20:41:59.335752Z"
439,"1","performance","2025-09-01T20:45:58.809782Z",1399,236.971,"amazon","positive","The headphones work good.","B08HFTV4LS","2025-09-01T20:45:58.809795Z"
440,"1","price","2025-09-01T20:46:12.206243Z",1400,12.605,"amazon","positive","The price was right, the fit is comfortable, and they seem flat and accurate in regards to sound reproduction.","B001UE6I0G","2025-09-01T20:46:12.206256Z"
441,"1","general","2025-09-01T20:46:17.635385Z",1401,3.784,"amazon","neutral","I didn't expecty a screen like this!","B000HRYV38","2025-09-01T20:46:17.635427Z"
442,"1","performance","2025-09-01T20:46:26.080678Z",1402,6.934,"amazon","positive","Great product that works as advertised.","B07N1WW638","2025-09-01T20:46:26.080715Z"
443,"1","design","2025-09-01T20:46:50.154135Z",1403,22.894,"amazon","negative","The headphones do not have ANC and I miss that a lot.<br /><br />The controls are basic, a volume wheel and a power button.","B08J2H44Z2","2025-09-01T20:46:50.154152Z"
444,"1","performance","2025-09-01T20:47:06.500631Z",1404,14.249,"amazon","negative","So my 2 stars are based mostly on that a unit like this should really cancel out the noise.","B005FVDTAW","2025-09-01T20:47:06.500645Z"
445,"1","general","2025-09-01T20:47:14.498509Z",1405,5.881,"amazon","negative","Worst fire tabI ever bought.","B01AHB9CN2","2025-09-01T20:47:14.498549Z"
446,"1","performance","2025-09-01T20:47:19.999824Z",1406,4.597,"amazon","positive","To me they sound great.","B00UE9NMM0","2025-09-01T20:47:19.999838Z"
447,"1","price","2025-09-01T20:47:24.901705Z",1407,3.852,"amazon","positive","Great little alarm clock for the price.","B000MXWSYQ","2025-09-01T20:47:24.901743Z"
448,"1","build_quality","2025-09-01T20:47:40.417175Z",1408,12.895,"amazon","negative","I could see smudges and a bubble in the plastic lens protectors.<br /><br />This listing is deceptive and inaccurate - the item is refurbished, not new.","B07646DDZR","2025-09-01T20:47:40.417194Z"
449,"1","general","2025-09-01T20:50:08.793744Z",1409,131.805,"amazon","neutral","When you select the radio mode it beeps loudly once again and then plays the station.","B00P03TD3C","2025-09-01T20:50:08.793760Z"
450,"1","connectivity","2025-09-01T20:50:16.505731Z",1410,6.849,"amazon","neutral","I then ran a speed test and the connection speed was close to 700mbs (compared to 400+ on WiFi).","B08GS363XH","2025-09-01T20:50:16.505768Z"
451,"1","general","2025-09-01T20:50:28.687624Z",1411,11.395,"amazon","negative","And yes, there can be some fit issues with many cars, so my macaroni necklace of a project doesn't look perfect.","B01FC3SEU2","2025-09-01T20:50:28.687639Z"
452,"1","general","2025-09-01T20:50:33.721905Z",1412,4.101,"amazon","neutral","Be sure to read the directions on the TV box.","B07NC9XWG5","2025-09-01T20:50:33.721919Z"
453,"1","general","2025-09-01T20:50:38.486210Z",1413,3.569,"amazon","neutral","I received this, and I can see why.","B0050R67U0","2025-09-01T20:50:38.486224Z"
454,"1","general","2025-09-01T20:50:44.483119Z",1414,4.931,"amazon","positive","These have been great cables!","B07DC9SBLQ","2025-09-01T20:50:44.483215Z"
